{"tickets":[{"ticketNo":"1234","id":"bt0n3bn8ay13wqe3vku6m1quuvh8sflsgcjy1ibyq6vdqfplh4qaqqvgheqtm57f","fields":{"type":"普通券","name":"Mr. Bean","icNo":"000000-07-1717"}},{"ticketNo":"6665","id":"8zxmqhza4tgod0l5uttawudsz9thylmczs7izunejatf00kkq94331wrdl3h9u8v","fields":{"type":"贵宾券","name":"Dr. ZeroOne","icNo":"XXXXXX-XX-XXXX"}},{"ticketNo":"3108","id":"nsiortfnhjpzz7wwr6u0eq3uchpz8a575vnpl6efcfsbbz0swu2hu0dh5o2cu4s2","fields":{"type":"普通券","name":"Ms. Idk binti Who lai de","icNo":"idk dont ask me"}},{"ticketNo":"0123","id":"nsiortfnhjpzz7wwr6u0eq3uchpz8a575vnpl6efcfsbbz0swu2hu0dh5o2cu4s1","fields":{"type":"学生券","name":"Mr. Ong Yean","icNo":"050131-07-0267"}}]}